{
  "Citywire": {
    "domain": "citywire.com",
    "allow_cookies": 1,
    "ld_google_webcache": "div#lockedLoginPanel|div#newsArticleBody",
    "upd_version": "3.6.5.2"
  },
  "De Tijd": {
    "domain": "tijd.be",
    "referer": "google",
    "cs_code": "[{\"cond\":\"html.paywall-active\", \"rm_class\":\"paywall-active\", \"elems\": [{\"cond\":\"div[data-id='react-paywall-auth0']\", \"rm_ëlem\":1}, }], {\"cond\":\"body[style]\", \"rm_attrib\":\"style\"}]",
    "upd_version": "3.6.5.5"
  },
  "DigiTimes Asia": {
    "domain": "digitimes.com",
    "allow_cookies": 1,
    "block_regex": "\\.piano\\.io",
    "useragent": "googlebot",
    "upd_version": "3.6.4.5"
  },
  "El Español": {
    "domain": "elespanol.com",
    "allow_cookies": 1,
    "block_regex": "(\\.tinypass\\.com\\/|cdn\\.ampproject\\.org\\/v\\d\\/amp-(access|subscriptions)-.+\\.js)",
    "cs_code": "[{\"cond\":\"div.content-not-granted-paywall\", \"rm_class\":\"content-not-granted-paywall\"}]",
    "upd_version": "3.6.4.3"
  },
  "Honolulu Star-Advertiser": {
    "domain": "staradvertiser.com",
    "allow_cookies": 1,
    "block_regex": "js\\.matheranalytics\\.com",
    "cs_code": "[{\"cond\":\"div.fade\", \"rm_elem\":1, \"elems\": [{\"cond\":\"div#hsa-paywall-content\", \"rm_attrib\":\"style\"}, {\"cond\":\"body.overflow-hidden\", \"rm_class\":\"overflow-hidden\"}}]]",
    "upd_version": "3.6.5.4"
  },
  "NDTV Profit": {
    "domain": "ndtvprofit.com",
    "allow_cookies": 1,
    "amp_redirect": "div[class^='hard-paywall'], div[class*='geotag-container_']",
    "amp_unhide": 1,
    "block_regex": "cdn\\.ampproject\\.org\\/v\\d\\/amp-subscriptions-.+\\.js",
    "upd_version": "3.6.4.5"
  },
  "Pirate Wires": {
    "allow_cookies": 1,
    "domain": "piratewires.com",
    "block_regex": "\\.piratewires\\.com\\/_next\\/static\\/chunks\\/3930-.+\\.js",
    "useragent_custom": "Mozilla/5.0 (compatible; Twitterbot/1.0)",
    "upd_version": "3.6.4.6"
  }
}
